source_id,airline,category,title,official_url,source_type,region,local_file,status,method,error
0,DGCA / MoCA,regulatory,Passenger Charter of Rights,https://www.civilaviation.gov.in/ministry-documents/passenger-charter-of-rights,web,India,/Users/milindnevrekar/generative-ai-pgp-ji-2026/PROJECT/GEN AI PROJECT/FlightWise_STAGE2_Final_Submission/FlightWise_GitHub_Repo/data/policies/DGCA_MoCA/regulatory/00_Passenger_Charter_of_Rights.pdf,failed,none,Direct web response contained too little/blocked readable text | Reader: HTTPError: 403 Client Error: Forbidden for url: https://r.jina.ai/https://www.civilaviation.gov.in/ministry-documents/passenger-charter-of-rights
1,DGCA / MoCA,regulatory,"DGCA CAR - denied boarding, cancellation and delays",https://www.dgca.gov.in/digigov-portal/Upload?attachId=we1PSlOuQhYdHcwKKrm7ew%3D%3D&flag=iframeAttachView,pdf,India,/Users/milindnevrekar/generative-ai-pgp-ji-2026/PROJECT/GEN AI PROJECT/FlightWise_STAGE2_Final_Submission/FlightWise_GitHub_Repo/data/policies/DGCA_MoCA/regulatory/01_DGCA_CAR_-_denied_boarding_cancellation_and_delays.pdf,cached,local_cache,
2,Air India,baggage,Checked Baggage Allowance,https://www.airindia.com/in/en/travel-information/baggage-guidelines/checked-baggage-allowance.html,web,India,/Users/milindnevrekar/generative-ai-pgp-ji-2026/PROJECT/GEN AI PROJECT/FlightWise_STAGE2_Final_Submission/FlightWise_GitHub_Repo/data/policies/Air_India/baggage/02_Checked_Baggage_Allowance.pdf,cached,local_cache,
3,Air India,cancellation_refund,"Payment, Refund and Cancellation FAQ",https://www.airindia.com/in/en/frequently-asked-questions/payment-refund-cancellations.html,web,India,/Users/milindnevrekar/generative-ai-pgp-ji-2026/PROJECT/GEN AI PROJECT/FlightWise_STAGE2_Final_Submission/FlightWise_GitHub_Repo/data/policies/Air_India/cancellation_refund/03_Payment_Refund_and_Cancellation_FAQ.pdf,cached,local_cache,
4,Air India,conditions,Conditions of Carriage,https://www.airindia.com/content/dam/air-india/pdfs/conditions-of-carriage-for-passengers-and-baggage.pdf,pdf,India,/Users/milindnevrekar/generative-ai-pgp-ji-2026/PROJECT/GEN AI PROJECT/FlightWise_STAGE2_Final_Submission/FlightWise_GitHub_Repo/data/policies/Air_India/conditions/04_Conditions_of_Carriage.pdf,cached,local_cache,
5,IndiGo,conditions,Conditions of Carriage,https://www.goindigo.in/information/conditions-of-carriage.html,web,India,/Users/milindnevrekar/generative-ai-pgp-ji-2026/PROJECT/GEN AI PROJECT/FlightWise_STAGE2_Final_Submission/FlightWise_GitHub_Repo/data/policies/IndiGo/conditions/05_Conditions_of_Carriage.pdf,cached,local_cache,
6,IndiGo,baggage,Baggage Allowance,https://www.goindigo.in/baggage/baggage-allowance.html,web,India,/Users/milindnevrekar/generative-ai-pgp-ji-2026/PROJECT/GEN AI PROJECT/FlightWise_STAGE2_Final_Submission/FlightWise_GitHub_Repo/data/policies/IndiGo/baggage/06_Baggage_Allowance.pdf,failed,none,Direct web response contained too little/blocked readable text | Reader: HTTPError: 403 Client Error: Forbidden for url: https://r.jina.ai/https://www.goindigo.in/baggage/baggage-allowance.html
7,IndiGo,cancellation_refund,Flight Cancellation,https://www.goindigo.in/cancellation.html,web,India,/Users/milindnevrekar/generative-ai-pgp-ji-2026/PROJECT/GEN AI PROJECT/FlightWise_STAGE2_Final_Submission/FlightWise_GitHub_Repo/data/policies/IndiGo/cancellation_refund/07_Flight_Cancellation.pdf,cached,local_cache,
8,Air India Express,baggage,Baggage and Fare Overview,https://flights.airindiaexpress.com/en-in/,web,India,/Users/milindnevrekar/generative-ai-pgp-ji-2026/PROJECT/GEN AI PROJECT/FlightWise_STAGE2_Final_Submission/FlightWise_GitHub_Repo/data/policies/Air_India_Express/baggage/08_Baggage_and_Fare_Overview.pdf,cached,local_cache,
9,Air India Express,cancellation_refund,Domestic Flights - Manage Booking,https://flights.airindiaexpress.com/en-in/domestic-flights,web,India,/Users/milindnevrekar/generative-ai-pgp-ji-2026/PROJECT/GEN AI PROJECT/FlightWise_STAGE2_Final_Submission/FlightWise_GitHub_Repo/data/policies/Air_India_Express/cancellation_refund/09_Domestic_Flights_-_Manage_Booking.pdf,failed,none,Direct web response contained too little/blocked readable text | Reader: HTTPError: 403 Client Error: Forbidden for url: https://r.jina.ai/https://flights.airindiaexpress.com/en-in/domestic-flights
10,Akasa Air,baggage,Excess Baggage,https://www.akasaair.com/add-ons/excess-baggage,web,India,/Users/milindnevrekar/generative-ai-pgp-ji-2026/PROJECT/GEN AI PROJECT/FlightWise_STAGE2_Final_Submission/FlightWise_GitHub_Repo/data/policies/Akasa_Air/baggage/10_Excess_Baggage.pdf,cached,local_cache,
11,Akasa Air,check_in,Web Check-In,https://www.akasaair.com/check-in/web-check-in,web,India,/Users/milindnevrekar/generative-ai-pgp-ji-2026/PROJECT/GEN AI PROJECT/FlightWise_STAGE2_Final_Submission/FlightWise_GitHub_Repo/data/policies/Akasa_Air/check_in/11_Web_Check-In.pdf,cached,local_cache,
12,Akasa Air,cancellation_refund,Flexi Cover,https://www.akasaair.com/add-ons/flexi-cover,web,India,/Users/milindnevrekar/generative-ai-pgp-ji-2026/PROJECT/GEN AI PROJECT/FlightWise_STAGE2_Final_Submission/FlightWise_GitHub_Repo/data/policies/Akasa_Air/cancellation_refund/12_Flexi_Cover.pdf,cached,local_cache,
13,SpiceJet,conditions,Terms and Conditions / Conditions of Carriage,https://corporate.spicejet.com/Tnc.aspx,web,India,/Users/milindnevrekar/generative-ai-pgp-ji-2026/PROJECT/GEN AI PROJECT/FlightWise_STAGE2_Final_Submission/FlightWise_GitHub_Repo/data/policies/SpiceJet/conditions/13_Terms_and_Conditions_Conditions_of_Carriage.pdf,cached,local_cache,
14,SpiceJet,passenger_rights,Passenger Rights,https://corporate.spicejet.com/PassengerRights.aspx,web,India,/Users/milindnevrekar/generative-ai-pgp-ji-2026/PROJECT/GEN AI PROJECT/FlightWise_STAGE2_Final_Submission/FlightWise_GitHub_Repo/data/policies/SpiceJet/passenger_rights/14_Passenger_Rights.pdf,cached,local_cache,
15,SpiceJet,baggage,Baggage,https://corporate.spicejet.com/Baggage.aspx,web,India,/Users/milindnevrekar/generative-ai-pgp-ji-2026/PROJECT/GEN AI PROJECT/FlightWise_STAGE2_Final_Submission/FlightWise_GitHub_Repo/data/policies/SpiceJet/baggage/15_Baggage.pdf,cached,local_cache,
16,Alliance Air,baggage,Baggage Information,https://plone.allianceair.in/allianceair/en/pages/baggageinfo,web,India,/Users/milindnevrekar/generative-ai-pgp-ji-2026/PROJECT/GEN AI PROJECT/FlightWise_STAGE2_Final_Submission/FlightWise_GitHub_Repo/data/policies/Alliance_Air/baggage/16_Baggage_Information.pdf,failed,none,Direct web response contained too little/blocked readable text | Reader: HTTPError: 403 Client Error: Forbidden for url: https://r.jina.ai/https://plone.allianceair.in/allianceair/en/pages/baggageinfo
17,Alliance Air,baggage,Excess Baggage,https://plone.allianceair.in/allianceair/en/pages/excess-baggage,web,India,/Users/milindnevrekar/generative-ai-pgp-ji-2026/PROJECT/GEN AI PROJECT/FlightWise_STAGE2_Final_Submission/FlightWise_GitHub_Repo/data/policies/Alliance_Air/baggage/17_Excess_Baggage.pdf,failed,none,Direct web response contained too little/blocked readable text | Reader: HTTPError: 403 Client Error: Forbidden for url: https://r.jina.ai/https://plone.allianceair.in/allianceair/en/pages/excess-baggage
18,Alliance Air,cancellation_refund,Change / Cancel Reservation FAQ,https://plone.allianceair.in/allianceair/en/faq/managebooking/how-can-i-change-cancel-my-reservation,web,India,/Users/milindnevrekar/generative-ai-pgp-ji-2026/PROJECT/GEN AI PROJECT/FlightWise_STAGE2_Final_Submission/FlightWise_GitHub_Repo/data/policies/Alliance_Air/cancellation_refund/18_Change_Cancel_Reservation_FAQ.pdf,failed,none,Direct web response contained too little/blocked readable text | Reader: HTTPError: 403 Client Error: Forbidden for url: https://r.jina.ai/https://plone.allianceair.in/allianceair/en/faq/managebooking/how-can-i-change-cancel-my-reservation
19,Emirates,baggage,Checked Baggage,https://www.emirates.com/english/before-you-fly/baggage/checked-baggage/,web,International,/Users/milindnevrekar/generative-ai-pgp-ji-2026/PROJECT/GEN AI PROJECT/FlightWise_STAGE2_Final_Submission/FlightWise_GitHub_Repo/data/policies/Emirates/baggage/19_Checked_Baggage.pdf,cached,local_cache,
20,Emirates,cancellation_refund,Cancellation Notice,https://www.emirates.com/english/before-you-fly/travel/rules-and-notices/cancellation-notice/,web,International,/Users/milindnevrekar/generative-ai-pgp-ji-2026/PROJECT/GEN AI PROJECT/FlightWise_STAGE2_Final_Submission/FlightWise_GitHub_Repo/data/policies/Emirates/cancellation_refund/20_Cancellation_Notice.pdf,cached,local_cache,
21,Emirates,cancellation_refund,Refund Request,https://www.emirates.com/english/help/forms/refund-request/,web,International,/Users/milindnevrekar/generative-ai-pgp-ji-2026/PROJECT/GEN AI PROJECT/FlightWise_STAGE2_Final_Submission/FlightWise_GitHub_Repo/data/policies/Emirates/cancellation_refund/21_Refund_Request.pdf,cached,local_cache,
22,Qatar Airways,conditions,Conditions of Carriage,https://www.qatarairways.com/en/legal/conditions-of-carriage.html,web,International,/Users/milindnevrekar/generative-ai-pgp-ji-2026/PROJECT/GEN AI PROJECT/FlightWise_STAGE2_Final_Submission/FlightWise_GitHub_Repo/data/policies/Qatar_Airways/conditions/22_Conditions_of_Carriage.pdf,cached,local_cache,
23,Qatar Airways,baggage,Optional Services and Fees,https://www.qatarairways.com/en/optional-services-and-fees.html,web,International,/Users/milindnevrekar/generative-ai-pgp-ji-2026/PROJECT/GEN AI PROJECT/FlightWise_STAGE2_Final_Submission/FlightWise_GitHub_Repo/data/policies/Qatar_Airways/baggage/23_Optional_Services_and_Fees.pdf,cached,local_cache,
24,Etihad Airways,conditions,General Conditions of Carriage,https://www.etihad.com/en/legal/conditions-of-carriage,web,International,/Users/milindnevrekar/generative-ai-pgp-ji-2026/PROJECT/GEN AI PROJECT/FlightWise_STAGE2_Final_Submission/FlightWise_GitHub_Repo/data/policies/Etihad_Airways/conditions/24_General_Conditions_of_Carriage.pdf,cached,local_cache,
25,Etihad Airways,baggage,Baggage Information,https://www.etihad.com/en/help/baggage-information,web,International,/Users/milindnevrekar/generative-ai-pgp-ji-2026/PROJECT/GEN AI PROJECT/FlightWise_STAGE2_Final_Submission/FlightWise_GitHub_Repo/data/policies/Etihad_Airways/baggage/25_Baggage_Information.pdf,cached,local_cache,
26,Etihad Airways,cancellation_refund,Fare Types and Changes,https://www.etihad.com/en/help/faq/fares,web,International,/Users/milindnevrekar/generative-ai-pgp-ji-2026/PROJECT/GEN AI PROJECT/FlightWise_STAGE2_Final_Submission/FlightWise_GitHub_Repo/data/policies/Etihad_Airways/cancellation_refund/26_Fare_Types_and_Changes.pdf,cached,local_cache,
27,Singapore Airlines,conditions,Conditions of Carriage,https://www.singaporeair.com/en_UK/global_footer/conditions-carriage/,web,International,/Users/milindnevrekar/generative-ai-pgp-ji-2026/PROJECT/GEN AI PROJECT/FlightWise_STAGE2_Final_Submission/FlightWise_GitHub_Repo/data/policies/Singapore_Airlines/conditions/27_Conditions_of_Carriage.pdf,cached,local_cache,
28,Singapore Airlines,baggage,Checked Baggage,https://www.singaporeair.com/en_UK/za/travel-info/baggage/checked-baggage/,web,International,/Users/milindnevrekar/generative-ai-pgp-ji-2026/PROJECT/GEN AI PROJECT/FlightWise_STAGE2_Final_Submission/FlightWise_GitHub_Repo/data/policies/Singapore_Airlines/baggage/28_Checked_Baggage.pdf,cached,local_cache,
29,Singapore Airlines,baggage,Delayed Baggage Report,https://www.singaporeair.com/baggage-service/report-delayed-bag,web,International,/Users/milindnevrekar/generative-ai-pgp-ji-2026/PROJECT/GEN AI PROJECT/FlightWise_STAGE2_Final_Submission/FlightWise_GitHub_Repo/data/policies/Singapore_Airlines/baggage/29_Delayed_Baggage_Report.pdf,cached,local_cache,
30,Lufthansa,conditions,General Conditions of Carriage,https://www.lufthansa.com/pl/en/terms-and-conditions-lh,web,International,/Users/milindnevrekar/generative-ai-pgp-ji-2026/PROJECT/GEN AI PROJECT/FlightWise_STAGE2_Final_Submission/FlightWise_GitHub_Repo/data/policies/Lufthansa/conditions/30_General_Conditions_of_Carriage.pdf,cached,local_cache,
31,Lufthansa,cancellation_refund,Refunds,https://www.lufthansa.com/us/en/refund,web,International,/Users/milindnevrekar/generative-ai-pgp-ji-2026/PROJECT/GEN AI PROJECT/FlightWise_STAGE2_Final_Submission/FlightWise_GitHub_Repo/data/policies/Lufthansa/cancellation_refund/31_Refunds.pdf,cached,local_cache,
32,Lufthansa,baggage,Baggage and Other Fees,https://www.lufthansa.com/us/en/baggage-and-other-fees,web,International,/Users/milindnevrekar/generative-ai-pgp-ji-2026/PROJECT/GEN AI PROJECT/FlightWise_STAGE2_Final_Submission/FlightWise_GitHub_Repo/data/policies/Lufthansa/baggage/32_Baggage_and_Other_Fees.pdf,cached,local_cache,
33,British Airways,conditions,General Conditions of Carriage,https://www.britishairways.com/content/information/legal/conditions-of-carriage,web,International,/Users/milindnevrekar/generative-ai-pgp-ji-2026/PROJECT/GEN AI PROJECT/FlightWise_STAGE2_Final_Submission/FlightWise_GitHub_Repo/data/policies/British_Airways/conditions/33_General_Conditions_of_Carriage.pdf,cached,local_cache,
34,British Airways,cancellation_refund,Cancelled Flight FAQ,https://www.britishairways.com/content/information/help/faq/disruption/cancellations/cancelled-flight,web,International,/Users/milindnevrekar/generative-ai-pgp-ji-2026/PROJECT/GEN AI PROJECT/FlightWise_STAGE2_Final_Submission/FlightWise_GitHub_Repo/data/policies/British_Airways/cancellation_refund/34_Cancelled_Flight_FAQ.pdf,cached,local_cache,
35,British Airways,baggage,Baggage FAQ,https://www.britishairways.com/content/information/help/faqs/day-of-travel,web,International,/Users/milindnevrekar/generative-ai-pgp-ji-2026/PROJECT/GEN AI PROJECT/FlightWise_STAGE2_Final_Submission/FlightWise_GitHub_Repo/data/policies/British_Airways/baggage/35_Baggage_FAQ.pdf,cached,local_cache,
